{"cameraMode":{"drawMode":0,"name":"Shaded","section":"Shading Mode"},"sceneLighting":false,"audioPlay":false,"sceneViewState":{"m_AlwaysRefresh":false,"showFog":true,"showSkybox":false,"showFlares":true,"showImageEffects":true,"showParticleSystems":true,"showVisualEffectGraphs":true,"m_FxEnabled":true},"in2DMode":false,"pivot":{"x":4.76837158203125e-7,"y":0.9698938727378845,"z":0.0000015497207641601563},"rotation":{"x":-0.2339276820421219,"y":-0.6627004146575928,"z":0.2303607165813446,"w":-0.673153281211853},"size":5.679762363433838,"orthographic":false}