{"cameraMode":{"drawMode":0,"name":"Shaded","section":"Shading Mode"},"sceneLighting":true,"audioPlay":false,"sceneViewState":{"m_AlwaysRefresh":false,"showFog":true,"showSkybox":true,"showFlares":true,"showImageEffects":true,"showParticleSystems":true,"showVisualEffectGraphs":true,"m_FxEnabled":true},"in2DMode":false,"pivot":{"x":792.0933227539063,"y":453.8536376953125,"z":10.05926513671875},"rotation":{"x":-0.0014997741673141718,"y":0.002401350997388363,"z":-0.000015094738046173006,"w":-1.0000438690185547},"size":86.38628387451172,"orthographic":false}