{"cameraMode":{"drawMode":0,"name":"Shaded","section":"Shading Mode"},"sceneLighting":true,"audioPlay":false,"sceneViewState":{"m_AlwaysRefresh":false,"showFog":true,"showSkybox":true,"showFlares":true,"showImageEffects":true,"showParticleSystems":true,"showVisualEffectGraphs":true,"m_FxEnabled":true},"in2DMode":false,"pivot":{"x":57.600189208984378,"y":4.5359954833984379,"z":196.5996856689453},"rotation":{"x":-0.1598801463842392,"y":0.3188460171222687,"z":-0.054793406277894977,"w":-0.9326877593994141},"size":52.38469314575195,"orthographic":true}