{"cameraMode":{"drawMode":0,"name":"Shaded","section":"Shading Mode"},"sceneLighting":true,"audioPlay":false,"sceneViewState":{"m_AlwaysRefresh":false,"showFog":true,"showSkybox":true,"showFlares":true,"showImageEffects":true,"showParticleSystems":true,"showVisualEffectGraphs":true,"m_FxEnabled":true},"in2DMode":false,"pivot":{"x":877.8330078125,"y":460.4501647949219,"z":7.532989501953125},"rotation":{"x":0.016498656943440439,"y":0.008998665027320385,"z":-0.00014837113849353045,"w":0.9998260140419006},"size":130.3323974609375,"orthographic":false}