{"cameraMode":{"drawMode":0,"name":"Shaded","section":"Shading Mode"},"sceneLighting":true,"audioPlay":false,"sceneViewState":{"m_AlwaysRefresh":false,"showFog":true,"showSkybox":true,"showFlares":true,"showImageEffects":true,"showParticleSystems":true,"showVisualEffectGraphs":true,"m_FxEnabled":true},"in2DMode":false,"pivot":{"x":294.57623291015627,"y":89.87614440917969,"z":0.4322366714477539},"rotation":{"x":0.3370915353298187,"y":0.12416785210371018,"z":-0.04412422329187393,"w":0.9324023127555847},"size":252.9687042236328,"orthographic":true}