{"cameraMode":{"drawMode":0,"name":"Shaded","section":"Shading Mode"},"sceneLighting":true,"audioPlay":false,"sceneViewState":{"m_AlwaysRefresh":false,"showFog":true,"showSkybox":true,"showFlares":true,"showImageEffects":true,"showParticleSystems":true,"showVisualEffectGraphs":true,"m_FxEnabled":true},"in2DMode":false,"pivot":{"x":150.7899932861328,"y":13.700000762939454,"z":211.8400115966797},"rotation":{"x":0.48238667845726015,"y":-0.15097633004188538,"z":0.09342390298843384,"w":0.8584028482437134},"size":257.3603820800781,"orthographic":true}