{"cameraMode":{"drawMode":0,"name":"Shaded","section":"Shading Mode"},"sceneLighting":true,"audioPlay":false,"sceneViewState":{"m_AlwaysRefresh":false,"showFog":true,"showSkybox":true,"showFlares":true,"showImageEffects":true,"showParticleSystems":true,"showVisualEffectGraphs":true,"m_FxEnabled":true},"in2DMode":false,"pivot":{"x":135.8800048828125,"y":14.460000991821289,"z":192.36000061035157},"rotation":{"x":0.45564383268356326,"y":0.21941670775413514,"z":-0.11575295031070709,"w":0.8551353216171265},"size":55.932899475097659,"orthographic":true}