{"cameraMode":{"drawMode":0,"name":"Shaded","section":"Shading Mode"},"sceneLighting":true,"audioPlay":false,"sceneViewState":{"m_AlwaysRefresh":false,"showFog":true,"showSkybox":true,"showFlares":true,"showImageEffects":true,"showParticleSystems":true,"showVisualEffectGraphs":true,"m_FxEnabled":true},"in2DMode":false,"pivot":{"x":114.21656799316406,"y":17.905670166015626,"z":76.46002960205078},"rotation":{"x":-0.3637959957122803,"y":-0.40770453214645388,"z":0.16996438801288606,"w":-0.8210103511810303},"size":34.91329574584961,"orthographic":true}