{"cameraMode":{"drawMode":0,"name":"Shaded","section":"Shading Mode"},"sceneLighting":false,"audioPlay":false,"sceneViewState":{"m_AlwaysRefresh":false,"showFog":true,"showSkybox":false,"showFlares":true,"showImageEffects":true,"showParticleSystems":true,"showVisualEffectGraphs":true,"m_FxEnabled":true},"in2DMode":false,"pivot":{"x":1.5653890371322632,"y":0.21989357471466065,"z":1.1920928955078126e-7},"rotation":{"x":0.3732021450996399,"y":-0.626899003982544,"z":0.48347926139831545,"w":0.4837685525417328},"size":5.635284900665283,"orthographic":false}