{"cameraMode":{"drawMode":0,"name":"Shaded","section":"Shading Mode"},"sceneLighting":false,"audioPlay":false,"sceneViewState":{"m_AlwaysRefresh":false,"showFog":true,"showSkybox":false,"showFlares":true,"showImageEffects":true,"showParticleSystems":true,"showVisualEffectGraphs":true,"m_FxEnabled":true},"in2DMode":false,"pivot":{"x":0.23021411895751954,"y":0.8520536422729492,"z":-1.4491971731185914},"rotation":{"x":0.27963364124298098,"y":-0.7199850082397461,"z":0.46449559926986697,"w":0.4332866966724396},"size":5.635284900665283,"orthographic":false}