{"cameraMode":{"drawMode":0,"name":"Shaded","section":"Shading Mode"},"sceneLighting":false,"audioPlay":false,"sceneViewState":{"m_AlwaysRefresh":false,"showFog":true,"showSkybox":false,"showFlares":true,"showImageEffects":true,"showParticleSystems":true,"showVisualEffectGraphs":true,"m_FxEnabled":true},"in2DMode":false,"pivot":{"x":0.2831845283508301,"y":1.6232552528381348,"z":0.12497901916503906},"rotation":{"x":0.13921567797660829,"y":-0.8603650331497192,"z":0.36271002888679507,"w":0.33000078797340395},"size":4.48696756362915,"orthographic":false}