{"cameraMode":{"drawMode":0,"name":"Shaded","section":"Shading Mode"},"sceneLighting":false,"audioPlay":false,"sceneViewState":{"m_AlwaysRefresh":false,"showFog":true,"showSkybox":false,"showFlares":true,"showImageEffects":true,"showParticleSystems":true,"showVisualEffectGraphs":true,"m_FxEnabled":true},"in2DMode":false,"pivot":{"x":0.23989230394363404,"y":0.44944247603416445,"z":0.3772079348564148},"rotation":{"x":-0.03159715607762337,"y":-0.9652398228645325,"z":0.12047192454338074,"w":-0.23078031837940217},"size":0.8385708928108215,"orthographic":true}