{"cameraMode":{"drawMode":0,"name":"Shaded","section":"Shading Mode"},"sceneLighting":false,"audioPlay":false,"sceneViewState":{"m_AlwaysRefresh":false,"showFog":true,"showSkybox":false,"showFlares":true,"showImageEffects":true,"showParticleSystems":true,"showVisualEffectGraphs":true,"m_FxEnabled":true},"in2DMode":false,"pivot":{"x":-0.0000015497207641601563,"y":1.1517728567123414,"z":4.76837158203125e-7},"rotation":{"x":-0.6840352416038513,"y":0.07999256253242493,"z":-0.07578877359628678,"w":-0.7211298942565918},"size":3.838334798812866,"orthographic":false}